{
  "checkpoint_paths": [
    "model_epoch_25.pth",
    "model_epoch_33.pth",
    "model_epoch_34.pth"
  ],
  "validation_losses": [
    0.007067380504061778,
    0.0075597568803156415,
    0.007975338694329063
  ],
  "ensemble_size": 3
}