{
  "train_loss": [
    0.039007583674457336,
    0.024510043900873926,
    0.0195051409304142,
    0.016977062800692187,
    0.015186843255327808,
    0.014414265834622913,
    0.013299295958131552,
    0.011417989836384852,
    0.011234673040194643,
    0.010755066718492244,
    0.009933884591898985,
    0.009229127410799265,
    0.009646562109183934,
    0.01030372727351884,
    0.008373639525638686,
    0.008076583143944542,
    0.008183511703585585,
    0.007775714119068451,
    0.007424217017574443,
    0.006927919279163083,
    0.006955591662942121,
    0.00630617110679547,
    0.006429948186915782,
    0.006639546999293897,
    0.006664568801513977,
    0.007116770710692637,
    0.007004277997960647,
    0.006081232625163264,
    0.005384188067788879,
    0.0047694797524147564,
    0.00588525155843753,
    0.005395115324709978,
    0.00492058693845239,
    0.004201819263916049,
    0.0041729988038746845,
    0.004079907725746226,
    0.0038354954708160627,
    0.003964032612404683,
    0.003998632216826082,
    0.003511405498203304,
    0.003180710029684835,
    0.003714288211065448,
    0.0032013357849791646,
    0.003826245065364573,
    0.0032802752387295995
  ],
  "train_acc": [
    0.8259954393965971,
    0.8984388703736187,
    0.920189440449044,
    0.9280827924925452,
    0.9412383792317137,
    0.9445711278723031,
    0.9484300999824592,
    0.9586037537274162,
    0.9575513067882827,
    0.959129977196983,
    0.9622873180143834,
    0.9656200666549728,
    0.9621119101911946,
    0.9593053850201719,
    0.96930363094194,
    0.9701806700578846,
    0.9712331169970181,
    0.969479038765129,
    0.9726363795825294,
    0.9726363795825294,
    0.9738642343448518,
    0.9777232064550079,
    0.9759691282231188,
    0.9766707595158745,
    0.973513418698474,
    0.9749166812839852,
    0.9759691282231188,
    0.9768461673390634,
    0.9791264690405193,
    0.9824592176811086,
    0.9759691282231188,
    0.9777232064550079,
    0.9829854411506753,
    0.9824592176811086,
    0.9817575863883529,
    0.9831608489738642,
    0.983687072443431,
    0.9835116646202421,
    0.983687072443431,
    0.9873706367303982,
    0.9866690054376425,
    0.9859673741448869,
    0.9875460445535871,
    0.9845641115593755,
    0.9868444132608314
  ],
  "val_loss": [
    0.03532171187301477,
    0.02702217362821102,
    0.020873380452394487,
    0.018292134130994477,
    0.016512663724521797,
    0.013010235254963238,
    0.012406037872036297,
    0.010798494347060721,
    0.011174087692052127,
    0.013022800131390492,
    0.01502104802057147,
    0.009842270473018288,
    0.00878019081428647,
    0.008881579680989186,
    0.009937388946612676,
    0.008902046922594309,
    0.011150334387396772,
    0.00881939409300685,
    0.009967137298857173,
    0.008943430939689278,
    0.008290027438973387,
    0.01055730505225559,
    0.008495300092423956,
    0.008679903818604846,
    0.007067380504061778,
    0.008608323615044355,
    0.0108563795996209,
    0.013436703321834406,
    0.00830447453384598,
    0.011352815479040147,
    0.011401085330483814,
    0.010541782916213075,
    0.0075597568803156415,
    0.007975338694329063,
    0.009573734225705266,
    0.010174471768550575,
    0.009755556223293145,
    0.00844707409851253,
    0.008762655531366665,
    0.009060429052139322,
    0.009735601216865083,
    0.009330385477126887,
    0.010045267051706712,
    0.008386067277751864,
    0.009079415902184943
  ],
  "val_acc": [
    0.8521052631578947,
    0.88,
    0.9042105263157895,
    0.9236842105263158,
    0.9363157894736842,
    0.9478947368421052,
    0.9505263157894737,
    0.9578947368421052,
    0.9573684210526315,
    0.9473684210526315,
    0.9557894736842105,
    0.9678947368421053,
    0.97,
    0.9689473684210527,
    0.9647368421052631,
    0.9710526315789474,
    0.9631578947368421,
    0.9715789473684211,
    0.9689473684210527,
    0.9726315789473684,
    0.9731578947368421,
    0.9705263157894737,
    0.9710526315789474,
    0.9747368421052631,
    0.9726315789473684,
    0.9731578947368421,
    0.9715789473684211,
    0.9615789473684211,
    0.9757894736842105,
    0.9731578947368421,
    0.9736842105263158,
    0.9721052631578947,
    0.9763157894736842,
    0.978421052631579,
    0.9763157894736842,
    0.9710526315789474,
    0.9778947368421053,
    0.9763157894736842,
    0.9763157894736842,
    0.9752631578947368,
    0.9742105263157895,
    0.9757894736842105,
    0.9757894736842105,
    0.9778947368421053,
    0.9789473684210527
  ],
  "learning_rates": [
    0.0001,
    0.0001,
    0.0001,
    0.0001,
    0.0001,
    0.0001,
    0.0001,
    0.0001,
    0.0001,
    0.0001,
    0.0001,
    0.0001,
    0.0001,
    0.0001,
    0.0001,
    0.0001,
    0.0001,
    0.0001,
    0.0001,
    0.0001,
    0.0001,
    0.0001,
    0.0001,
    0.0001,
    0.0001,
    0.0001,
    0.0001,
    0.0001,
    0.0001,
    0.0001,
    0.0001,
    0.0001,
    7e-05,
    7e-05,
    7e-05,
    7e-05,
    7e-05,
    7e-05,
    7e-05,
    7e-05,
    4.899999999999999e-05,
    4.899999999999999e-05,
    4.899999999999999e-05,
    4.899999999999999e-05,
    4.899999999999999e-05
  ]
}