{
  "accuracy": 0.9868490268279853,
  "precision": 0.9869206201246218,
  "recall": 0.9868490268279853,
  "f1_score": 0.9868517523601308,
  "precision_non_cry": 0.992849846782431,
  "recall_non_cry": 0.9818181818181818,
  "f1_score_non_cry": 0.9873031995937024,
  "precision_cry": 0.9804772234273319,
  "recall_cry": 0.9923161361141603,
  "f1_score_cry": 0.9863611565739225,
  "roc_auc": 0.9971947798512013,
  "pr_auc": 0.9969514577010588,
  "average_precision": 0.9969536328494125,
  "confusion_matrix": [
    [
      972,
      18
    ],
    [
      7,
      904
    ]
  ],
  "classification_report": {
    "non_cry": {
      "precision": 0.992849846782431,
      "recall": 0.9818181818181818,
      "f1-score": 0.9873031995937024,
      "support": 990.0
    },
    "cry": {
      "precision": 0.9804772234273319,
      "recall": 0.9923161361141603,
      "f1-score": 0.9863611565739225,
      "support": 911.0
    },
    "accuracy": 0.9868490268279853,
    "macro avg": {
      "precision": 0.9866635351048815,
      "recall": 0.987067158966171,
      "f1-score": 0.9868321780838125,
      "support": 1901.0
    },
    "weighted avg": {
      "precision": 0.9869206201246218,
      "recall": 0.9868490268279853,
      "f1-score": 0.9868517523601308,
      "support": 1901.0
    }
  },
  "brier_score": 0.011313492448163003,
  "expected_calibration_error": 0.008744120916772,
  "maximum_calibration_error": 0.6110069155693054,
  "calibration_n_bins": 10,
  "calibration_data": {
    "bin_edges": [
      0.0,
      0.1,
      0.2,
      0.30000000000000004,
      0.4,
      0.5,
      0.6000000000000001,
      0.7000000000000001,
      0.8,
      0.9,
      1.0
    ],
    "bins": [
      {
        "bin_lower": 0.0,
        "bin_upper": 0.1,
        "bin_size": 962,
        "bin_accuracy": 0.0031185031185031187,
        "bin_confidence": 0.007247631903737783,
        "bin_error": 0.004129128785234665
      },
      {
        "bin_lower": 0.1,
        "bin_upper": 0.2,
        "bin_size": 8,
        "bin_accuracy": 0.25,
        "bin_confidence": 0.16361579298973083,
        "bin_error": 0.08638420701026917
      },
      {
        "bin_lower": 0.2,
        "bin_upper": 0.30000000000000004,
        "bin_size": 4,
        "bin_accuracy": 0.25,
        "bin_confidence": 0.24366261065006256,
        "bin_error": 0.006337389349937439
      },
      {
        "bin_lower": 0.30000000000000004,
        "bin_upper": 0.4,
        "bin_size": 2,
        "bin_accuracy": 0.5,
        "bin_confidence": 0.33153778314590454,
        "bin_error": 0.16846221685409546
      },
      {
        "bin_lower": 0.4,
        "bin_upper": 0.5,
        "bin_size": 3,
        "bin_accuracy": 0.0,
        "bin_confidence": 0.4402722418308258,
        "bin_error": 0.4402722418308258
      },
      {
        "bin_lower": 0.5,
        "bin_upper": 0.6000000000000001,
        "bin_size": 5,
        "bin_accuracy": 0.8,
        "bin_confidence": 0.554750382900238,
        "bin_error": 0.245249617099762
      },
      {
        "bin_lower": 0.6000000000000001,
        "bin_upper": 0.7000000000000001,
        "bin_size": 1,
        "bin_accuracy": 0.0,
        "bin_confidence": 0.6110069155693054,
        "bin_error": 0.6110069155693054
      },
      {
        "bin_lower": 0.7000000000000001,
        "bin_upper": 0.8,
        "bin_size": 8,
        "bin_accuracy": 0.5,
        "bin_confidence": 0.755497932434082,
        "bin_error": 0.25549793243408203
      },
      {
        "bin_lower": 0.8,
        "bin_upper": 0.9,
        "bin_size": 11,
        "bin_accuracy": 0.8181818181818182,
        "bin_confidence": 0.8657476305961609,
        "bin_error": 0.047565812414342656
      },
      {
        "bin_lower": 0.9,
        "bin_upper": 1.0,
        "bin_size": 897,
        "bin_accuracy": 0.9888517279821628,
        "bin_confidence": 0.995397686958313,
        "bin_error": 0.006545958976150179
      }
    ]
  },
  "bootstrap_confidence_intervals": {
    "bootstrap_n_resamples": 1000,
    "bootstrap_confidence_level": 0.95,
    "bootstrap_random_state": 42,
    "accuracy_mean": 0.9868069437138348,
    "accuracy_std": 0.002618575070241522,
    "accuracy_ci_lower": 0.9810625986322988,
    "accuracy_ci_upper": 0.9915965281430825,
    "precision_mean": 0.9868906977033528,
    "precision_std": 0.0025881587658118034,
    "precision_ci_lower": 0.9813488286035963,
    "precision_ci_upper": 0.9916767490606855,
    "recall_mean": 0.9868069437138348,
    "recall_std": 0.002618575070241522,
    "recall_ci_lower": 0.9810625986322988,
    "recall_ci_upper": 0.9915965281430825,
    "f1_score_mean": 0.986809740469841,
    "f1_score_std": 0.002617473204485811,
    "f1_score_ci_lower": 0.9810746551029769,
    "f1_score_ci_upper": 0.9915988257383075,
    "roc_auc_mean": 0.9971750512402575,
    "roc_auc_std": 0.0011946066038065024,
    "roc_auc_ci_lower": 0.9946668304837563,
    "roc_auc_ci_upper": 0.9991053063492429,
    "pr_auc_mean": 0.9969593129664368,
    "pr_auc_std": 0.001322398899518216,
    "pr_auc_ci_lower": 0.9938931964519049,
    "pr_auc_ci_upper": 0.999063710550446,
    "brier_score_mean": 0.011337781382412305,
    "brier_score_std": 0.002066207644853904,
    "brier_score_ci_lower": 0.007432230262752693,
    "brier_score_ci_upper": 0.015534169384150451,
    "ece_mean": 0.009796161002264667,
    "ece_std": 0.0022597158729819344,
    "ece_ci_lower": 0.005722495769440816,
    "ece_ci_upper": 0.014459104114689777
  }
}