{
  "optimal_temperature": 0.5017584562301636,
  "initial_nll": 0.09282713383436203,
  "final_nll": 0.04773012548685074,
  "nll_improvement_percent": 48.58170933940614,
  "initial_ece": 0.05728158491150698,
  "final_ece": 0.002396678247306301,
  "ece_improvement_percent": 95.81597078535995,
  "initial_mce": 0.17959727843602502,
  "final_mce": 0.09741639239447453,
  "mce_improvement_percent": 45.75842504808582
}