{
  "checkpoint_paths": [
    "model_epoch_44.pth",
    "model_epoch_27.pth",
    "model_epoch_42.pth"
  ],
  "validation_losses": [
    0.011789316032081842,
    0.011871426738798619,
    0.011956961825489998
  ],
  "ensemble_size": 3
}