{
  "train_loss": [
    0.04959722144736184,
    0.03393483608961105,
    0.0282314147386286,
    0.024919417562584083,
    0.023894041383432017,
    0.02091590358565251,
    0.018679235689342023,
    0.018061075049142044,
    0.016849823689295187,
    0.01672125736044513,
    0.016250919447176985,
    0.015159421807361973,
    0.014500345062050555,
    0.015624772012233733,
    0.013524512263635794,
    0.012632452106724182,
    0.012727434560656548,
    0.012648353363490766,
    0.011728545702579949,
    0.011635677464720275,
    0.01131939080854257,
    0.011689468121363056,
    0.010543666697210735,
    0.010323413865019877,
    0.01152879125956032,
    0.010646447052972184,
    0.010401830159955555,
    0.010048455289668507,
    0.009841374680399894,
    0.009362697052872843,
    0.010169060228185521,
    0.009118593018501996,
    0.008725034983621703,
    0.008379736273652977,
    0.009361265071978172,
    0.008657011234511932,
    0.008256039696021213,
    0.008048965471486251,
    0.007841384183201525,
    0.007845660154190328,
    0.00878549210416774,
    0.008202931823001967,
    0.007831859899063905,
    0.007047489616605971,
    0.006965909101482894,
    0.006768347416073084,
    0.006998271567540036
  ],
  "train_acc": [
    0.8166988247675846,
    0.8852832836344501,
    0.9047535520084196,
    0.9177337309243992,
    0.9293106472548676,
    0.9358007367128574,
    0.9472022452201369,
    0.9479038765128924,
    0.9463252061041922,
    0.9512366251534818,
    0.9536923346781266,
    0.9608840554288721,
    0.9617610945448167,
    0.9605332397824943,
    0.9636905805998948,
    0.9684265918259954,
    0.9686019996491844,
    0.9654446588317839,
    0.9673741448868619,
    0.9668479214172953,
    0.9717593404665849,
    0.9698298544115067,
    0.9740396421680407,
    0.9747412734607963,
    0.9708823013506402,
    0.9752674969303631,
    0.9756183125767409,
    0.9759691282231188,
    0.9770215751622522,
    0.9789510612173303,
    0.9749166812839852,
    0.979477284686897,
    0.9786002455709525,
    0.9828100333274864,
    0.9763199438694966,
    0.9789510612173303,
    0.9821084020347307,
    0.9822838098579196,
    0.981582178565164,
    0.9831608489738642,
    0.979477284686897,
    0.9833362567970532,
    0.983687072443431,
    0.9852657428521312,
    0.9873706367303982,
    0.9873706367303982,
    0.9873706367303982
  ],
  "val_loss": [
    0.04781820078690847,
    0.033649637798468274,
    0.02114965170621872,
    0.04037031854192416,
    0.029607008521755535,
    0.028271256883939107,
    0.022850128635764123,
    0.01765550362567107,
    0.023159370695551237,
    0.01472043717900912,
    0.015194900333881378,
    0.017250520301361878,
    0.014197473414242268,
    0.013903682120144367,
    0.01836229401330153,
    0.01920449292908112,
    0.014664432654778162,
    0.014370945220192274,
    0.013828951368729274,
    0.013204689261813958,
    0.017471995763480665,
    0.01703568541755279,
    0.018552903706828754,
    0.02222250085324049,
    0.014310902046660582,
    0.017106186039745806,
    0.011871426738798619,
    0.015273918956518173,
    0.018270499259233474,
    0.013613792012135188,
    0.012861850795646508,
    0.013421129435300827,
    0.0160563248830537,
    0.01459001402060191,
    0.014654212289800246,
    0.01482160979261001,
    0.012978643272072076,
    0.012951717494676511,
    0.013922280445694924,
    0.0142790870120128,
    0.01408470245078206,
    0.011956961825489998,
    0.01656341701745987,
    0.011789316032081842,
    0.01330173242216309,
    0.013693324197083712,
    0.015400067903101444
  ],
  "val_acc": [
    0.8447368421052631,
    0.8805263157894737,
    0.9289473684210526,
    0.8968421052631579,
    0.8989473684210526,
    0.9010526315789473,
    0.9273684210526316,
    0.9489473684210527,
    0.9126315789473685,
    0.9557894736842105,
    0.9642105263157895,
    0.9547368421052631,
    0.9642105263157895,
    0.96,
    0.9536842105263158,
    0.9547368421052631,
    0.9594736842105264,
    0.9578947368421052,
    0.9636842105263158,
    0.9647368421052631,
    0.9610526315789474,
    0.9573684210526315,
    0.9589473684210527,
    0.9478947368421052,
    0.9621052631578947,
    0.9631578947368421,
    0.966842105263158,
    0.9605263157894737,
    0.9663157894736842,
    0.9673684210526315,
    0.9721052631578947,
    0.9678947368421053,
    0.9689473684210527,
    0.9642105263157895,
    0.9710526315789474,
    0.9715789473684211,
    0.9747368421052631,
    0.9694736842105263,
    0.9757894736842105,
    0.9694736842105263,
    0.9721052631578947,
    0.9731578947368421,
    0.9652631578947368,
    0.9763157894736842,
    0.9752631578947368,
    0.9789473684210527,
    0.97
  ],
  "learning_rates": [
    0.0001,
    0.0001,
    0.0001,
    0.0001,
    0.0001,
    0.0001,
    0.0001,
    0.0001,
    0.0001,
    0.0001,
    0.0001,
    0.0001,
    0.0001,
    0.0001,
    0.0001,
    0.0001,
    0.0001,
    0.0001,
    0.0001,
    0.0001,
    0.0001,
    0.0001,
    0.0001,
    0.0001,
    0.0001,
    0.0001,
    0.0001,
    0.0001,
    0.0001,
    0.0001,
    0.0001,
    0.0001,
    0.0001,
    0.0001,
    7e-05,
    7e-05,
    7e-05,
    7e-05,
    7e-05,
    7e-05,
    7e-05,
    7e-05,
    4.899999999999999e-05,
    4.899999999999999e-05,
    4.899999999999999e-05,
    4.899999999999999e-05,
    4.899999999999999e-05
  ]
}