{
  "train_loss": [
    0.045392218107978506,
    0.02628317229035828,
    0.021637996720770995,
    0.01971780595680078,
    0.016830155750115712,
    0.014001067707108126,
    0.013990363033695354,
    0.012840624401966731,
    0.011886240262538195,
    0.011110405644608868,
    0.010375912777251667,
    0.010127091785478923,
    0.01007918338291347,
    0.010772565757441852,
    0.009457375673163269,
    0.008626990780855218,
    0.008568401660563217,
    0.008512565866112709,
    0.007644809146101276,
    0.007853551731548376,
    0.007933959341607988,
    0.00732550170376069,
    0.006831098332380255,
    0.006353593584046595,
    0.006545618636947539,
    0.006213338277302682,
    0.005490454198378656,
    0.007087613507691357,
    0.006101406859751377,
    0.006010645115748048,
    0.005546108092595306,
    0.005539073277678754,
    0.005217594273077945,
    0.004659511234300832,
    0.004809347022738722,
    0.004034452926781442,
    0.004730621275181572,
    0.004342659124328445,
    0.0040195657418937315,
    0.0047330830686001316,
    0.003395217332419836,
    0.004312744036886014,
    0.00321263804152194
  ],
  "train_acc": [
    0.7944220312225925,
    0.8910717417996843,
    0.9105420101736538,
    0.9226451499736888,
    0.9310647254867567,
    0.944746535695492,
    0.944746535695492,
    0.9543939659708823,
    0.9552710050868268,
    0.9577267146114716,
    0.9622873180143834,
    0.9617610945448167,
    0.9626381336607612,
    0.9568496754955271,
    0.965269251008595,
    0.9696544465883178,
    0.965269251008595,
    0.9691282231187511,
    0.9703560778810735,
    0.9701806700578846,
    0.9661462901245396,
    0.9729871952289072,
    0.9717593404665849,
    0.9749166812839852,
    0.9764953516926855,
    0.9761445360463077,
    0.9780740221013857,
    0.9777232064550079,
    0.9780740221013857,
    0.9777232064550079,
    0.9763199438694966,
    0.9771969829854411,
    0.9782494299245746,
    0.9807051394492194,
    0.9796526925100859,
    0.9840378880898089,
    0.9810559550955973,
    0.9822838098579196,
    0.9847395193825644,
    0.9845641115593755,
    0.9866690054376425,
    0.9828100333274864,
    0.9878968601999649
  ],
  "val_loss": [
    0.03631244823336601,
    0.03224066942930222,
    0.02142041319360336,
    0.020162326904634636,
    0.02084387931972742,
    0.012565374032904704,
    0.019973342182735603,
    0.016950120590627192,
    0.01243717921897769,
    0.014894958958029747,
    0.011207159670690695,
    0.010533421828101078,
    0.017014949085811772,
    0.013198049273341894,
    0.011704219846675794,
    0.012520292680710554,
    0.00934220727843543,
    0.0097662721760571,
    0.011463965568691493,
    0.008705044925833742,
    0.008528114824245373,
    0.009415920171886683,
    0.008187102309117714,
    0.013998991219947736,
    0.01102303898272415,
    0.008018198485175768,
    0.013390469147513311,
    0.010276283541073402,
    0.010963416565209627,
    0.011169989500194788,
    0.009891405670593182,
    0.020555542347331843,
    0.009820058771098653,
    0.01411868076150616,
    0.013879414182156324,
    0.014131486260642609,
    0.009232518045852582,
    0.011218729785953958,
    0.008698100922629237,
    0.010299964932103951,
    0.011831517362346252,
    0.011620300759871801,
    0.010748190929492314
  ],
  "val_acc": [
    0.8468421052631578,
    0.8757894736842106,
    0.8957894736842106,
    0.9189473684210526,
    0.9189473684210526,
    0.95,
    0.9415789473684211,
    0.9368421052631579,
    0.9494736842105264,
    0.9489473684210527,
    0.9557894736842105,
    0.9521052631578948,
    0.9494736842105264,
    0.9589473684210527,
    0.9568421052631579,
    0.9563157894736842,
    0.9626315789473684,
    0.9589473684210527,
    0.958421052631579,
    0.9636842105263158,
    0.9678947368421053,
    0.9663157894736842,
    0.9652631578947368,
    0.9663157894736842,
    0.958421052631579,
    0.966842105263158,
    0.9605263157894737,
    0.9663157894736842,
    0.9615789473684211,
    0.9621052631578947,
    0.9673684210526315,
    0.9552631578947368,
    0.9678947368421053,
    0.9568421052631579,
    0.9652631578947368,
    0.97,
    0.968421052631579,
    0.9647368421052631,
    0.9694736842105263,
    0.9657894736842105,
    0.966842105263158,
    0.9657894736842105,
    0.9705263157894737
  ],
  "learning_rates": [
    0.0001,
    0.0001,
    0.0001,
    0.0001,
    0.0001,
    0.0001,
    0.0001,
    0.0001,
    0.0001,
    0.0001,
    0.0001,
    0.0001,
    0.0001,
    0.0001,
    0.0001,
    0.0001,
    0.0001,
    0.0001,
    0.0001,
    0.0001,
    0.0001,
    0.0001,
    0.0001,
    0.0001,
    0.0001,
    0.0001,
    0.0001,
    0.0001,
    0.0001,
    0.0001,
    0.0001,
    0.0001,
    0.0001,
    7e-05,
    7e-05,
    7e-05,
    7e-05,
    7e-05,
    7e-05,
    7e-05,
    7e-05,
    4.899999999999999e-05,
    4.899999999999999e-05
  ]
}